"SEXO","REGION","Ingr_min","Ingr_max","Ingr_prom","Ingr_rango"
"FEMENINO","LIMA_CENTRO",15233,47315,28547.9,32082
"FEMENINO","LIMA_ESTE",6531,60635,27676.8863636364,54104
"FEMENINO","LIMA_NORTE",8841,50209,26814.5588235294,41368
"FEMENINO","LIMA_SUR",12388,48758,26192.1764705882,36370
"MASCULINO","LIMA_CENTRO",8005,60176,31951.4166666667,52171
"MASCULINO","LIMA_ESTE",7624,58792,27539.525,51168
"MASCULINO","LIMA_NORTE",5960,61476,23428,55516
"MASCULINO","LIMA_SUR",9785,51468,24803.2,41683
